<?xml version="1.0" encoding="UTF-8"?>
<project-private xmlns="http://www.netbeans.org/ns/project-private/1">
    <open-files xmlns="http://www.netbeans.org/ns/projectui-open-files/2">
        <group>
            <file>file:/home/cps-student-19/Documents/Lab04_Wave.X/src/main.c</file>
            <file>file:/home/cps-student-19/Documents/Lab04_Wave.X/src/dac.c</file>
            <file>file:/home/cps-student-19/Documents/Lab04_Wave.X/src/lab04.c</file>
        </group>
    </open-files>
</project-private>
